Country,Year,Total_Emissions_UNFCCC,Total_Net_Emissions_UNFCCC
AT,1990,79621.23653,65865.19574
AT,1991,83293.09815,64223.53405
AT,1992,76723.74943,63236.59931
AT,1993,77094.77495,61454.65025
AT,1994,77304.14579,64221.88426
AT,1995,80570.10731,62173.43165
AT,1996,83756.49625,68816.65227
AT,1997,83380.10321,61067.43437
AT,1998,82702.45726,62072.20426
AT,1999,81161.21077,59193.07037
AT,2000,81388.76419,63328.75757
AT,2001,85278.36358,60855.01613
AT,2002,87042.7544,71158.4682
AT,2003,92414.37058,81454.11142
AT,2004,92214.45494,76402.46456
AT,2005,93340.71697,78113.0226
AT,2006,90899.93471,82418.26613
AT,2007,88097.05372,80090.45954
AT,2008,87509.81663,77713.53198
AT,2009,80896.16723,71390.94949
AT,2010,85441.91503,73708.18791
AT,2011,83250.54725,72223.4325
AT,2012,80487.1114,71330.88544
AT,2013,80867.74624,75848.0399
AT,2014,77215.1644,67387.46943
AT,2015,79358.98369,75273.99819
AT,2016,80319.39742,72194.71465
AT,2017,82635.36107,78205.06326
AT,2018,79441.49409,81272.80072
AT,2019,80640.66815,86642.58835
AT,2020,74678.7887,73728.9176
AT,2021,78073.24983,74711.50572
AT,2022,73515.15099,73308.67881
AT,2023,68695.9233,76225.90876
BE,1990,145640.24214,142801.07132
BE,1991,148407.17982,146035.9398
BE,1992,147829.62986,145641.40393
BE,1993,146549.57765,144351.84551
BE,1994,151197.97107,149254.56243
BE,1995,153314.97512,151146.67343
BE,1996,156872.15566,154512.11939
BE,1997,148399.61067,146489.7873
BE,1998,153669.42558,151207.34807
BE,1999,147244.38529,145107.41923
BE,2000,148430.71848,146703.90297
BE,2001,146846.33698,145280.12457
BE,2002,146926.5475,144758.08414
BE,2003,147242.96654,145169.75029
BE,2004,148087.172,146281.82429
BE,2005,145000.90096,143139.796
BE,2006,142370.69923,140524.53591
BE,2007,138761.60656,137209.15664
BE,2008,138741.15069,137254.83596
BE,2009,126086.70332,124758.14108
BE,2010,133281.83805,132803.56547
BE,2011,122863.01587,122426.69243
BE,2012,120158.11699,119667.7261
BE,2013,120235.756,119317.6654
BE,2014,114502.96176,113539.88127
BE,2015,118670.1178,117818.94364
BE,2016,117228.92106,116450.81076
BE,2017,116613.09668,115953.48907
BE,2018,117365.46815,116742.31064
BE,2019,116324.42455,115937.38571
BE,2020,106967.9077,106569.26859
BE,2021,109764.29461,109433.88024
BE,2022,102976.57499,102460.18337
BE,2023,98221.22971,97915.16454
BG,1990,99008.1162,81762.03014
BG,1991,81004.9365,63801.70836
BG,1992,75470.73205,58874.47634
BG,1993,74787.04124,58017.54513
BG,1994,70693.94897,53892.47559
BG,1995,72253.71636,55418.4868
BG,1996,72692.7324,56584.19749
BG,1997,69481.07289,53249.81906
BG,1998,65451.00014,49480.2876
BG,1999,58423.75217,42651.25283
BG,2000,57559.31755,40812.99459
BG,2001,60459.42342,46453.43915
BG,2002,57862.9706,43608.57921
BG,2003,62757.12195,48840.95956
BG,2004,61884.71433,47310.7256
BG,2005,62413.59184,46806.66905
BG,2006,63169.1098,50618.03222
BG,2007,67015.05319,53623.99241
BG,2008,65672.93376,53781.30525
BG,2009,56777.20489,44708.83634
BG,2010,59425.53286,47917.18348
BG,2011,64807.63553,56558.94915
BG,2012,59733.12729,51924.39069
BG,2013,54318.81547,47500.66672
BG,2014,57333.85523,49247.33034
BG,2015,60495.88085,52852.90599
BG,2016,57866.03503,48418.04722
BG,2017,59657.82138,50230.85058
BG,2018,55294.83322,45787.33406
BG,2019,53987.25721,44760.12051
BG,2020,47985.30778,38716.2492
BG,2021,54101.5506,44899.85485
BG,2022,58459.64768,49305.72252
BG,2023,45364.9248,36763.85231
CH,1990,55243.89386,52577.4385
CH,1991,57079.63814,50243.61298
CH,1992,56814.19162,52110.14189
CH,1993,54234.76738,48901.82898
CH,1994,53145.82365,51220.14611
CH,1995,54036.28518,49865.96536
CH,1996,54617.52292,47140.90851
CH,1997,53415.76335,49234.82595
CH,1998,54944.03332,51341.75802
CH,1999,54725.93647,53339.37066
CH,2000,54065.42928,57992.89598
CH,2001,55577.76168,55426.19108
CH,2002,54004.43567,51317.26012
CH,2003,55037.48992,53002.06377
CH,2004,55624.73696,50800.56551
CH,2005,56302.54624,53905.48843
CH,2006,55922.78244,55357.08306
CH,2007,54017.79198,52456.81872
CH,2008,55388.03169,53524.69138
CH,2009,53907.98922,51643.51554
CH,2010,55507.0925,53296.17343
CH,2011,51356.03093,47997.91545
CH,2012,52736.98154,52310.8047
CH,2013,53561.07825,53328.17871
CH,2014,49614.68214,45618.05031
CH,2015,49102.02318,50275.61402
CH,2016,49457.3766,46252.78383
CH,2017,48562.28908,46740.59172
CH,2018,47010.32821,48130.19303
CH,2019,46766.8571,43621.84325
CH,2020,44139.97184,42917.19233
CH,2021,45455.29541,45064.30734
CH,2022,41894.70681,40465.22701
CH,2023,40846.91968,42146.11779
CY,1990,5580.67498,5427.60782
CY,1991,6083.70646,5916.72322
CY,1992,6520.1407,6347.4918
CY,1993,6805.92348,6631.11863
CY,1994,7060.43645,6877.08631
CY,1995,6973.04864,6793.01427
CY,1996,7344.15765,7158.79996
CY,1997,7436.28447,7252.06896
CY,1998,7750.19042,7559.69938
CY,1999,8025.31884,7826.94203
CY,2000,8298.24692,8155.74178
CY,2001,8234.86455,8066.2693
CY,2002,8470.76619,8268.8308
CY,2003,8860.04658,8646.02846
CY,2004,9087.14371,8872.59437
CY,2005,9228.59448,9007.76696
CY,2006,9479.82988,9257.34211
CY,2007,9788.59959,9605.71119
CY,2008,10013.77607,9763.93703
CY,2009,9767.90618,9490.25256
CY,2010,9437.35797,9172.31993
CY,2011,9168.97572,8868.19596
CY,2012,8630.62009,8336.99681
CY,2013,7923.67297,7626.38738
CY,2014,8279.09775,7979.9889
CY,2015,8325.87562,8029.76898
CY,2016,8770.06888,8579.17608
CY,2017,8935.54152,8628.51007
CY,2018,8825.81079,8523.49934
CY,2019,8424.25954,8127.21837
CY,2020,8069.80864,7771.26465
CY,2021,8185.03226,7949.70599
CY,2022,8342.84917,8043.45951
CY,2023,8503.50062,8192.92387
CZ,1990,196261.24728,186706.09884
CZ,1991,178714.70439,167753.95856
CZ,1992,172919.6548,161873.20425
CZ,1993,166769.41838,154838.31313
CZ,1994,158024.74227,147314.78369
CZ,1995,157587.96432,146609.02719
CZ,1996,160775.83196,150041.98912
CZ,1997,156107.81555,146425.04643
CZ,1998,150186.12528,140728.69769
CZ,1999,140059.42532,130461.88881
CZ,2000,149946.35341,139649.67275
CZ,2001,150172.61522,139866.23999
CZ,2002,146330.20174,136221.34929
CZ,2003,148368.87877,138692.24435
CZ,2004,149892.04713,140478.04774
CZ,2005,147963.35891,138476.74412
CZ,2006,149161.20112,140559.71107
CZ,2007,150732.18856,142345.83257
CZ,2008,145300.24621,135903.47672
CZ,2009,136313.38195,127259.90164
CZ,2010,139771.80028,131350.8576
CZ,2011,136993.78292,127980.47958
CZ,2012,133292.95815,124040.08483
CZ,2013,128514.16927,119935.63718
CZ,2014,126002.638,117541.17235
CZ,2015,126415.41954,117895.25954
CZ,2016,128433.37444,120794.08605
CZ,2017,129363.62478,123141.31779
CZ,2018,126949.26868,125679.52488
CZ,2019,121533.69971,126296.22056
CZ,2020,112032.98503,119492.62593
CZ,2021,117402.02645,121829.20402
CZ,2022,115006.84935,116453.96338
CZ,2023,102486.64236,98918.21742
DE,1990,1252397.33799,1288424.63535
DE,1991,1206567.46246,1193733.1748
DE,1992,1157074.41288,1139554.49907
DE,1993,1147917.37428,1122594.756
DE,1994,1129646.31033,1112282.9307
DE,1995,1122690.5808,1116100.53345
DE,1996,1140026.49641,1132834.9256
DE,1997,1104232.83167,1095821.20658
DE,1998,1079170.86898,1064363.79328
DE,1999,1045171.84871,1034922.1788
DE,2000,1042347.01854,1047035.41392
DE,2001,1056831.42121,1053964.63432
DE,2002,1035156.7729,1062457.49889
DE,2003,1026713.70615,1064035.5832
DE,2004,1003305.73353,1028575.94003
DE,2005,989744.2191,1011061.44949
DE,2006,1003267.42992,1015196.17631
DE,2007,962985.9366,966658.26115
DE,2008,971035.79429,968175.31037
DE,2009,902261.55458,902533.98521
DE,2010,930249.82622,935554.81957
DE,2011,906735.16016,905519.01431
DE,2012,916997.18523,919071.93994
DE,2013,933985.93203,933525.55084
DE,2014,893549.48646,903696.42412
DE,2015,901825.99819,907557.39551
DE,2016,897287.22661,906164.03641
DE,2017,882232.05366,886219.13362
DE,2018,852858.34189,936055.3436
DE,2019,798048.05135,870169.04327
DE,2020,732993.34173,809649.27367
DE,2021,761426.75497,824513.98569
DE,2022,748792.71341,824396.17927
DE,2023,672020.32454,740673.12966
DK,1990,72471.1967,79170.4966
DK,1991,83233.8121,89202.94381
DK,1992,77273.48356,84155.12896
DK,1993,79671.42065,85229.75016
DK,1994,83567.0763,88637.96312
DK,1995,80651.29228,85920.05193
DK,1996,93742.33593,98299.16823
DK,1997,84140.11348,89172.91713
DK,1998,80189.54426,85137.17107
DK,1999,77456.48895,82715.10861
DK,2000,73113.55193,78154.80404
DK,2001,74676.18985,79208.41205
DK,2002,74182.57012,79785.55768
DK,2003,79164.84185,84526.06368
DK,2004,73206.05931,78370.61602
DK,2005,68893.09217,73820.51098
DK,2006,76562.14899,81942.70861
DK,2007,71860.28459,77402.78759
DK,2008,68226.80825,72264.72597
DK,2009,65488.91495,68806.55112
DK,2010,65660.0383,67951.70179
DK,2011,60422.61149,61966.10196
DK,2012,55850.75368,56824.46844
DK,2013,57549.66187,58141.94226
DK,2014,53343.62918,54239.12047
DK,2015,50599.62615,50543.67987
DK,2016,52596.36675,53424.84751
DK,2017,50235.82405,50923.14952
DK,2018,50074.5282,52558.68483
DK,2019,46105.71298,47581.1504
DK,2020,43475.67637,44702.74388
DK,2021,44382.87247,44533.68347
DK,2022,42781.03164,42362.74679
DK,2023,39285.81767,38785.36868
EE,1990,40277.57525,35307.5289
EE,1991,37402.9559,32580.34671
EE,1992,27221.59334,23179.1583
EE,1993,21758.72715,16832.267
EE,1994,22232.88381,17841.63384
EE,1995,20069.52532,15505.13893
EE,1996,21012.96476,16152.00688
EE,1997,20711.36242,15723.80928
EE,1998,18981.96635,14474.31851
EE,1999,17811.74495,14393.24304
EE,2000,17436.3809,14482.31155
EE,2001,17872.4064,15534.29793
EE,2002,17286.47069,16015.55929
EE,2003,19221.00131,18731.94869
EE,2004,19358.95198,17977.25931
EE,2005,19136.75964,16694.41713
EE,2006,18483.2154,13765.78716
EE,2007,22034.11318,16873.74981
EE,2008,19935.63062,15148.64228
EE,2009,16498.89971,11464.70684
EE,2010,21100.19506,16314.44161
EE,2011,21058.6379,17647.10099
EE,2012,19947.28644,18284.13791
EE,2013,21824.84963,21259.2038
EE,2014,20987.27293,21110.79151
EE,2015,17920.95176,18620.81565
EE,2016,19539.23469,21177.18355
EE,2017,20767.06189,22317.8797
EE,2018,19955.5764,23255.59131
EE,2019,14512.45622,17634.80393
EE,2020,11337.31875,12478.09507
EE,2021,12568.18289,13416.66337
EE,2022,14149.11276,14347.31722
EE,2023,10862.45789,12993.25238
ES,1990,286655.16037,250480.71235
ES,1991,294557.14218,258200.58766
ES,1992,303817.71157,267304.94699
ES,1993,293595.75372,255913.04128
ES,1994,309697.76848,273238.31356
ES,1995,325727.50237,286990.06946
ES,1996,317363.20339,277816.32448
ES,1997,331335.80763,291841.92581
ES,1998,340864.86205,300855.55519
ES,1999,366978.77974,324054.50203
ES,2000,381945.49185,337307.69157
ES,2001,380596.04127,334069.27077
ES,2002,398902.04439,352864.47157
ES,2003,405987.53393,360427.06256
ES,2004,421383.98246,375418.43159
ES,2005,436341.10382,389241.05015
ES,2006,430650.17451,381354.74158
ES,2007,441183.73141,394671.95883
ES,2008,407859.35118,361344.00794
ES,2009,368789.853,324522.90714
ES,2010,353627.7386,306071.1674
ES,2011,353225.18265,305432.13542
ES,2012,345967.63116,300111.24598
ES,2013,319589.323,273701.87997
ES,2014,320362.87353,271824.24013
ES,2015,331964.97549,280261.8375
ES,2016,320390.49276,268296.67783
ES,2017,333283.75026,280766.22401
ES,2018,327577.41721,274101.8935
ES,2019,308894.04749,256949.95282
ES,2020,269803.24733,218719.41599
ES,2021,287568.62828,235793.08209
ES,2022,292296.90217,241676.05822
ES,2023,269967.63879,218934.87608
EU27_2020,1990,4872570.63651,4635247.66261
EU27_2020,1991,4767079.89095,4445524.35872
EU27_2020,1992,4614787.09073,4320950.95623
EU27_2020,1993,4534843.41982,4225769.96666
EU27_2020,1994,4512512.71093,4210324.63469
EU27_2020,1995,4563419.22999,4247706.79475
EU27_2020,1996,4653972.24003,4316207.88378
EU27_2020,1997,4582121.4343,4246221.54186
EU27_2020,1998,4542281.86418,4187263.4008
EU27_2020,1999,4466530.16668,4106818.26587
EU27_2020,2000,4454899.71209,4137025.73115
EU27_2020,2001,4503703.15292,4150609.42815
EU27_2020,2002,4489327.57803,4155580.5225
EU27_2020,2003,4563937.16978,4259885.72004
EU27_2020,2004,4562529.85796,4216209.02456
EU27_2020,2005,4545996.76293,4198875.12197
EU27_2020,2006,4549497.28064,4189316.71981
EU27_2020,2007,4499986.47044,4175670.85381
EU27_2020,2008,4412787.47993,4055152.09402
EU27_2020,2009,4095753.67121,3749069.12454
EU27_2020,2010,4176633.40432,3830837.58125
EU27_2020,2011,4066905.90897,3719745.11331
EU27_2020,2012,3996083.60198,3657834.3532
EU27_2020,2013,3906687.47996,3559372.61012
EU27_2020,2014,3764522.0141,3435182.67184
EU27_2020,2015,3813427.74398,3494765.69534
EU27_2020,2016,3810063.24406,3492158.60322
EU27_2020,2017,3831154.77225,3565184.29547
EU27_2020,2018,3749884.77045,3546756.15819
EU27_2020,2019,3587825.16639,3395486.4197
EU27_2020,2020,3296846.77665,3103023.04891
EU27_2020,2021,3464575.62371,3268592.55054
EU27_2020,2022,3375504.36383,3192217.85776
EU27_2020,2023,3105624.99028,2907204.13086
FI,1990,71812.39897,49376.53466
FI,1991,69630.0267,34778.78128
FI,1992,68152.98491,39296.07715
FI,1993,70328.78058,40795.7495
FI,1994,75930.07216,53156.99014
FI,1995,72274.25415,50805.05961
FI,1996,78155.13234,50353.42401
FI,1997,76824.70121,53647.31499
FI,1998,73109.73287,51993.1698
FI,1999,72431.26981,51155.12964
FI,2000,70461.51533,49689.11752
FI,2001,75805.41882,54427.26687
FI,2002,78187.35839,55780.05468
FI,2003,85766.35916,62949.25495
FI,2004,81930.52799,57726.95052
FI,2005,69890.26368,45648.84318
FI,2006,81288.72196,53134.71824
FI,2007,79577.19624,60922.43304
FI,2008,71433.00392,50143.79892
FI,2009,67740.19857,35216.62638
FI,2010,75706.60503,54667.50314
FI,2011,67939.63754,47386.58762
FI,2012,62310.70644,39954.41225
FI,2013,62817.61464,47213.20007
FI,2014,58651.11499,42175.78086
FI,2015,55075.71802,43754.68987
FI,2016,57949.64615,51268.19483
FI,2017,55073.73555,51963.25302
FI,2018,56121.3038,63305.7022
FI,2019,52728.54129,56068.42359
FI,2020,47769.57901,49582.08113
FI,2021,47803.41323,59161.72427
FI,2022,45697.37708,57763.79466
FI,2023,41103.4855,53101.90201
FR,1990,546573.74739,524209.44912
FR,1991,571908.97682,549804.75741
FR,1992,561220.2869,540703.99001
FR,1993,539644.18924,515173.24063
FR,1994,531239.36887,508768.97567
FR,1995,537040.17419,511235.7057
FR,1996,555218.81238,522015.71749
FR,1997,547379.35205,512907.03526
FR,1998,561318.2993,524048.14515
FR,1999,556352.24492,514136.03083
FR,2000,551113.76143,525300.30798
FR,2001,556270.12655,516413.80828
FR,2002,550091.79946,500381.69812
FR,2003,554186.6078,499673.46256
FR,2004,553711.2272,497297.27263
FR,2005,555126.27037,499594.34876
FR,2006,544503.2667,489556.35468
FR,2007,534666.92647,484111.65539
FR,2008,529815.62888,480372.78904
FR,2009,508894.3943,471151.4783
FR,2010,512747.75183,472959.3392
FR,2011,488102.8205,447084.17882
FR,2012,490605.64969,446351.27039
FR,2013,489719.31192,439472.47148
FR,2014,456778.03793,414005.38149
FR,2015,460100.05547,420441.90599
FR,2016,462540.03519,426670.33713
FR,2017,465054.09723,436951.03586
FR,2018,445757.96515,407600.3028
FR,2019,436062.30456,401038.40948
FR,2020,396075.60623,358332.89089
FR,2021,419756.37073,384796.98839
FR,2022,403444.93616,369474.49222
FR,2023,376396.88069,339016.33008
GR,1990,103984.43667,101704.82876
GR,1991,104005.06938,101592.94364
GR,1992,105286.01559,102681.64321
GR,1993,104826.36286,101736.75384
GR,1994,107456.36633,104628.83
GR,1995,109580.30315,106501.48226
GR,1996,112615.04894,110214.60242
GR,1997,117470.02081,115273.39543
GR,1998,122993.28602,120773.01166
GR,1999,122985.46243,120241.37809
GR,2000,126659.0196,124135.28943
GR,2001,127730.54232,125083.98545
GR,2002,127718.97794,124726.81258
GR,2003,131568.91553,128825.12954
GR,2004,132214.48065,129492.09394
GR,2005,136747.41144,133195.72245
GR,2006,133269.53853,129655.82663
GR,2007,135883.06542,133702.50566
GR,2008,132518.29499,129175.8853
GR,2009,125326.04103,121886.75396
GR,2010,119233.5831,115822.58913
GR,2011,116256.84008,112736.34533
GR,2012,113007.7832,109447.6745
GR,2013,103354.4464,100796.82214
GR,2014,99937.24806,97929.83866
GR,2015,96072.75105,92600.39896
GR,2016,92397.5233,88346.78049
GR,2017,96246.20941,92444.16584
GR,2018,93010.74397,88366.62987
GR,2019,86306.11909,81223.70732
GR,2020,75874.07733,70726.80529
GR,2021,78013.11108,72966.60407
GR,2022,77769.87032,72589.37778
GR,2023,71934.67219,67831.65976
HR,1990,31553.09279,25203.40732
HR,1991,25023.72643,17494.28121
HR,1992,23134.12542,15504.31109
HR,1993,23120.91045,15323.94718
HR,1994,22204.65077,14140.21364
HR,1995,22872.99955,14319.9245
HR,1996,23363.2515,15166.47705
HR,1997,24744.66535,17159.43598
HR,1998,24881.08457,17489.27714
HR,1999,26198.76265,18012.17759
HR,2000,25820.61683,19083.19
HR,2001,27000.38708,19018.49121
HR,2002,28093.36952,19830.68691
HR,2003,29529.32973,22092.74819
HR,2004,29488.16381,21725.16487
HR,2005,29952.52826,21951.55156
HR,2006,30345.41891,22530.92515
HR,2007,31769.9799,25110.46813
HR,2008,30815.03173,23954.44989
HR,2009,28664.65078,21703.36102
HR,2010,28272.69702,21369.75238
HR,2011,27987.39104,22362.8127
HR,2012,26251.11468,21067.56412
HR,2013,25032.14599,18884.39456
HR,2014,24297.58554,18296.64906
HR,2015,24754.25991,19065.4129
HR,2016,24923.43732,19225.91754
HR,2017,25772.48641,20889.27611
HR,2018,24645.99243,19155.88997
HR,2019,24815.74282,19092.30967
HR,2020,23898.1025,18241.08592
HR,2021,24428.55413,18665.87569
HR,2022,24523.28065,19656.76061
HR,2023,25418.94849,19893.2086
HU,1990,94915.0642,91622.06477
HU,1991,88703.66412,86245.70111
HU,1992,78720.08179,75733.95566
HU,1993,79212.86309,73587.18143
HU,1994,78733.39462,72490.71256
HU,1995,77534.0302,71274.39583
HU,1996,79784.07609,77175.65377
HU,1997,78365.55397,75298.794
HU,1998,77864.1512,73708.62654
HU,1999,78178.51435,76248.57661
HU,2000,75351.08009,74300.39216
HU,2001,77192.69226,74492.17473
HU,2002,75597.73107,73595.86523
HU,2003,78577.82752,74195.9588
HU,2004,77469.52172,74044.05576
HU,2005,77371.98944,71418.69265
HU,2006,75880.34949,71854.02556
HU,2007,74208.63844,69896.13448
HU,2008,72157.68775,66135.76974
HU,2009,66158.08026,61613.54945
HU,2010,66805.76396,62169.67456
HU,2011,65146.0081,61021.7693
HU,2012,61873.05597,57199.52135
HU,2013,58882.6933,54855.69135
HU,2014,59222.9174,54169.35999
HU,2015,62402.6565,56749.35456
HU,2016,63032.89549,58498.77405
HU,2017,65219.92562,59906.20655
HU,2018,65177.39369,60393.56589
HU,2019,64934.75688,59571.80454
HU,2020,62938.77377,55862.77368
HU,2021,64016.80745,56845.56334
HU,2022,59727.97389,52954.82291
HU,2023,54312.59454,48501.76055
IE,1990,55734.91443,60833.85921
IE,1991,56501.25728,61520.20185
IE,1992,56496.27609,61311.67204
IE,1993,56955.88401,62041.5398
IE,1994,58274.52948,63503.10648
IE,1995,59675.14959,65903.84891
IE,1996,61746.1694,67714.54529
IE,1997,63068.34526,68318.3572
IE,1998,65539.89374,70775.98164
IE,1999,66729.97668,72006.98476
IE,2000,68855.84944,74769.13959
IE,2001,70848.82845,78083.93304
IE,2002,68941.01198,75752.83636
IE,2003,69376.20923,76780.10937
IE,2004,68687.69432,74775.52571
IE,2005,70149.89913,76387.57668
IE,2006,69269.7879,75447.39056
IE,2007,68655.07536,73839.21971
IE,2008,67926.95745,72397.14708
IE,2009,62153.26185,66201.49807
IE,2010,61797.03595,66920.41172
IE,2011,57836.31431,62036.46633
IE,2012,58358.77156,61618.88266
IE,2013,58007.71831,61921.97337
IE,2014,58094.90196,62436.96037
IE,2015,60426.35238,64378.09085
IE,2016,62715.19015,65727.03273
IE,2017,61940.62142,67031.26479
IE,2018,61595.39392,65591.37284
IE,2019,59772.92768,63899.38364
IE,2020,57618.66292,62325.29894
IE,2021,60227.6809,64530.57824
IE,2022,58960.43792,62615.69007
IE,2023,54934.35405,58828.89697
IS,1990,3707.34844,11849.61394
IS,1991,3503.39586,11649.62721
IS,1992,3441.45548,11573.3143
IS,1993,3526.58187,11664.75802
IS,1994,3461.20318,11590.21166
IS,1995,3591.15768,11701.82489
IS,1996,3647.67841,11750.82013
IS,1997,3807.3316,11903.46227
IS,1998,3956.10383,12047.31375
IS,1999,4172.69756,12266.80001
IS,2000,4201.47994,12296.48888
IS,2001,4100.30494,12200.28828
IS,2002,4187.00329,12296.30087
IS,2003,4158.05804,12257.92091
IS,2004,4270.32262,12366.85739
IS,2005,4128.85448,12220.5812
IS,2006,4686.72329,12821.89343
IS,2007,4992.56362,13023.01544
IS,2008,5374.05675,13439.72383
IS,2009,5071.42186,13188.79125
IS,2010,4976.07583,13064.26015
IS,2011,4762.77794,12826.26126
IS,2012,4754.02601,12818.56525
IS,2013,4757.60429,12819.3812
IS,2014,4761.63394,12813.31558
IS,2015,4844.83684,12884.23394
IS,2016,4797.18165,12815.56032
IS,2017,4884.58471,12872.16627
IS,2018,4943.7854,12915.84477
IS,2019,4796.55908,12778.99996
IS,2020,4605.11226,12605.03736
IS,2021,4729.16101,12732.5457
IS,2022,4781.71664,12767.41573
IS,2023,4646.04667,12631.05772
IT,1990,522781.26884,519148.37738
IT,1991,524038.36502,505396.73153
IT,1992,523262.36338,506778.57543
IT,1993,516433.89515,512766.21566
IT,1994,510537.25476,493856.86228
IT,1995,536955.46175,513570.31964
IT,1996,531706.28537,506842.51064
IT,1997,539392.50832,522992.08252
IT,1998,552138.83599,538309.02714
IT,1999,557922.71377,534803.13747
IT,2000,561797.24573,541570.92602
IT,2001,563876.73362,533708.32214
IT,2002,570241.30116,535778.05416
IT,2003,589695.23788,563072.50107
IT,2004,595186.68738,562307.62033
IT,2005,596055.24814,562371.03161
IT,2006,585536.93399,551179.59528
IT,2007,579923.22198,568040.68193
IT,2008,566875.38095,536854.84544
IT,2009,511544.95046,478404.17286
IT,2010,522891.53784,483204.65857
IT,2011,509659.23327,476987.00682
IT,2012,490182.15585,466539.35997
IT,2013,454163.99247,414502.59291
IT,2014,432861.4567,392622.99165
IT,2015,443414.21872,401571.53074
IT,2016,439998.18938,396023.58188
IT,2017,433207.75264,406748.92126
IT,2018,429155.01423,379585.10493
IT,2019,417361.67916,369720.90696
IT,2020,379963.35901,340171.9478
IT,2021,412152.01635,374094.91789
IT,2022,412927.68255,373694.33466
IT,2023,384741.77945,331152.94577
LT,1990,47520.39567,43185.68811
LT,1991,49473.68982,44545.78402
LT,1992,30441.79489,26214.20128
LT,1993,24311.26708,18550.48577
LT,1994,22938.21691,17455.07538
LT,1995,21912.38966,17645.5751
LT,1996,22879.79453,23933.67497
LT,1997,22434.84025,22082.43107
LT,1998,23335.83105,15266.13161
LT,1999,20518.24402,13044.4083
LT,2000,18927.972,9111.77242
LT,2001,19718.30411,12059.0667
LT,2002,20076.53874,13295.23207
LT,2003,20272.31081,14157.60358
LT,2004,21078.11566,15411.54359
LT,2005,21942.31498,17059.63137
LT,2006,22273.74469,17879.08503
LT,2007,24231.91782,18114.59585
LT,2008,23337.86307,16657.88469
LT,2009,19329.80104,11862.21925
LT,2010,20265.76273,9558.21046
LT,2011,20632.07122,9963.95492
LT,2012,20613.17037,10539.05029
LT,2013,19477.03059,10119.99687
LT,2014,19375.4878,10920.48713
LT,2015,19684.19127,12238.33865
LT,2016,19737.53034,13205.32277
LT,2017,19862.10518,13982.634
LT,2018,19519.22788,14725.07304
LT,2019,19726.19921,14614.49092
LT,2020,19609.54673,14437.54467
LT,2021,19760.81313,14349.33856
LT,2022,18432.46844,12607.99405
LT,2023,17888.31275,12633.63456
LU,1990,12756.41112,12771.37353
LU,1991,13380.54956,13327.74408
LU,1992,13147.1236,12688.74975
LU,1993,13309.41895,12724.30777
LU,1994,12464.90477,12027.53179
LU,1995,10094.19476,9577.82763
LU,1996,10156.58626,9604.58728
LU,1997,9517.05369,8879.21847
LU,1998,8623.17786,8093.29067
LU,1999,9091.09673,8496.92066
LU,2000,9670.18646,9068.27952
LU,2001,10172.1935,9594.07082
LU,2002,10948.61522,10351.21606
LU,2003,11401.72291,10826.21602
LU,2004,12772.76235,12153.48439
LU,2005,13027.97101,12454.75842
LU,2006,12854.85264,12363.21423
LU,2007,12267.29288,11868.61852
LU,2008,12157.16766,11741.3395
LU,2009,11607.62551,11178.80982
LU,2010,12193.52041,11982.56339
LU,2011,12069.37497,11759.78191
LU,2012,11832.40528,11426.78639
LU,2013,11307.74032,10737.27958
LU,2014,10809.00073,10306.65061
LU,2015,10337.0172,9880.52743
LU,2016,10101.98048,9540.86783
LU,2017,10283.90464,9807.80517
LU,2018,10585.44769,10246.51569
LU,2019,10752.58259,10293.54937
LU,2020,9063.30083,8519.39272
LU,2021,9404.40411,8701.05454
LU,2022,8214.29276,7469.26799
LU,2023,7768.89438,7093.2637
LV,1990,26068.05342,13545.91974
LV,1991,24175.80742,11244.9053
LV,1992,19401.83503,6082.73024
LV,1993,15942.5231,2746.30741
LV,1994,13994.7099,-2101.43915
LV,1995,12624.8142,-2333.79825
LV,1996,12672.79762,-2501.13323
LV,1997,12113.42536,-1292.61608
LV,1998,11605.38247,-851.8431
LV,1999,10818.854,2038.08938
LV,2000,10194.95871,-1829.36044
LV,2001,10787.89434,-2251.19958
LV,2002,10755.9978,-549.87775
LV,2003,10941.31575,57.30361
LV,2004,10864.26899,3701.30561
LV,2005,11041.24721,4440.72388
LV,2006,11505.11584,4131.39309
LV,2007,11952.8807,5012.54304
LV,2008,11493.42544,4174.89324
LV,2009,10807.79347,6936.45418
LV,2010,11888.09647,9814.25782
LV,2011,11085.37878,8626.91495
LV,2012,10907.40937,7106.08801
LV,2013,10821.60163,8324.95689
LV,2014,10735.47739,12242.71279
LV,2015,10771.38979,11039.72937
LV,2016,10763.31875,9220.1995
LV,2017,10803.359,7818.35204
LV,2018,11275.55339,10793.50043
LV,2019,11139.86037,8930.58573
LV,2020,10507.30192,11036.65766
LV,2021,10725.27996,12703.50287
LV,2022,10117.55889,15819.26012
LV,2023,9980.65757,14610.41978
MT,1990,2626.46776,2616.56274
MT,1991,2480.07226,2465.01564
MT,1992,2513.11421,2501.99225
MT,1993,3115.7026,3105.01814
MT,1994,2893.95923,2883.88043
MT,1995,2690.97585,2681.68207
MT,1996,2781.68159,2772.62788
MT,1997,2813.2288,2804.2151
MT,1998,2787.39931,2778.90656
MT,1999,2844.60684,2835.56593
MT,2000,2749.39906,2740.49343
MT,2001,3025.6401,3020.15713
MT,2002,3046.48752,3066.84269
MT,2003,3268.8531,3289.23488
MT,2004,3175.96966,3175.43886
MT,2005,2989.55002,2989.52294
MT,2006,3035.80545,3035.0443
MT,2007,3127.08867,3127.0322
MT,2008,3040.32688,3054.19032
MT,2009,2907.94702,2921.70212
MT,2010,2965.40208,2979.39058
MT,2011,2971.47058,2972.14296
MT,2012,3142.93519,3143.63009
MT,2013,2834.84239,2835.45038
MT,2014,2845.80428,2846.93744
MT,2015,2146.69501,2147.88958
MT,2016,1851.73202,1852.64034
MT,2017,2017.18083,2019.82705
MT,2018,2018.41952,2020.04717
MT,2019,2126.94007,2133.05988
MT,2020,2086.25892,2094.81504
MT,2021,2100.48565,2101.12656
MT,2022,2259.67482,2260.46468
MT,2023,2245.9314,2246.88225
NL,1990,223121.7545,227541.75375
NL,1991,231016.76191,235484.59093
NL,1992,231375.11209,235782.76254
NL,1993,231615.34957,236090.30783
NL,1994,232264.83028,236742.38572
NL,1995,232277.75601,236543.7356
NL,1996,242574.3221,246703.94714
NL,1997,234124.05816,238063.08211
NL,1998,234324.80425,238707.56896
NL,1999,221841.56334,226017.89194
NL,2000,220172.56059,224642.93821
NL,2001,221440.09239,226450.14497
NL,2002,219069.69194,224273.54217
NL,2003,219749.6479,224288.58273
NL,2004,221259.09557,225966.30309
NL,2005,215455.55839,220088.39098
NL,2006,210325.28011,214797.80279
NL,2007,208886.40209,213725.95914
NL,2008,208645.16463,213808.01658
NL,2009,202888.58729,207811.90122
NL,2010,214855.60163,219441.00845
NL,2011,200654.65858,205489.81675
NL,2012,196362.19573,200990.77361
NL,2013,195788.25513,199908.57163
NL,2014,187549.16932,192576.49142
NL,2015,194646.4137,199934.31683
NL,2016,195248.40764,200248.37023
NL,2017,192536.17626,196696.53617
NL,2018,187371.8274,191432.86504
NL,2019,181544.28012,185251.48648
NL,2020,164978.23308,168299.62259
NL,2021,167210.93952,170589.49192
NL,2022,153552.83986,157023.07615
NL,2023,142636.52801,146440.98327
NO,1990,51347.71865,40751.59199
NO,1991,48986.75614,37415.26072
NO,1992,47449.83033,36451.93232
NO,1993,49378.88095,36947.27078
NO,1994,51331.08433,40134.36
NO,1995,51740.67102,37630.03234
NO,1996,54641.23244,44774.13254
NO,1997,54617.67496,41713.74742
NO,1998,54692.8197,40448.36303
NO,1999,55696.13134,35983.92485
NO,2000,55090.54537,38110.68365
NO,2001,56341.41177,34727.16892
NO,2002,55031.37916,32201.8757
NO,2003,55653.10212,33781.38362
NO,2004,56025.61529,33850.57771
NO,2005,54894.69581,30745.7339
NO,2006,54867.73849,35612.23866
NO,2007,56546.02688,35765.83839
NO,2008,55024.04513,29280.80225
NO,2009,52538.36464,28165.28778
NO,2010,54853.14083,29238.16838
NO,2011,53845.58884,28888.27181
NO,2012,53255.9444,29173.13048
NO,2013,53478.56557,32774.00166
NO,2014,53875.69899,35356.77723
NO,2015,54407.85257,39593.69192
NO,2016,53522.55277,40161.48782
NO,2017,52835.79399,37217.20642
NO,2018,52986.18093,40335.84614
NO,2019,51218.67995,42842.39649
NO,2020,49521.44548,34015.863
NO,2021,49372.25292,39259.10167
NO,2022,48985.61663,40451.82847
NO,2023,46675.19636,31571.02435
PL,1990,476113.05805,442866.1447
PL,1991,463734.72444,437581.78124
PL,1992,450890.87934,445982.65489
PL,1993,450404.36306,437820.3855
PL,1994,444742.8364,432643.03675
PL,1995,446288.25993,423940.3172
PL,1996,459834.50638,420015.0492
PL,1997,449611.93591,409882.30868
PL,1998,418654.43127,373179.23511
PL,1999,406848.84151,364179.41521
PL,2000,393468.76146,354193.06298
PL,2001,391932.51554,360388.36583
PL,2002,381757.58949,341420.9728
PL,2003,395130.93105,352750.05858
PL,2004,400616.76433,346954.48139
PL,2005,400585.23174,347564.38207
PL,2006,415385.10738,368317.17289
PL,2007,414530.73857,374278.5334
PL,2008,407506.74467,367654.89907
PL,2009,389115.92362,349297.83363
PL,2010,405955.90295,367903.27057
PL,2011,404513.22497,360997.39687
PL,2012,396998.27331,353098.41322
PL,2013,393046.04158,346949.50194
PL,2014,380435.31768,341909.58615
PL,2015,383034.66502,348112.64118
PL,2016,393850.67003,352159.17167
PL,2017,408461.81375,366098.60689
PL,2018,408496.3489,366674.29238
PL,2019,386177.57653,362950.26905
PL,2020,371258.55797,347200.99993
PL,2021,399262.90487,374387.83764
PL,2022,380844.44897,344394.60127
PL,2023,348436.3655,315780.20875
PT,1990,58914.85097,63328.47253
PT,1991,60600.79686,58718.5142
PT,1992,64662.10301,58673.68272
PT,1993,63111.24309,57381.57596
PT,1994,64076.48606,59416.52973
PT,1995,68822.58016,64086.41009
PT,1996,66588.68033,63258.83821
PT,1997,69857.19496,65548.33681
PT,1998,74765.49367,71136.83119
PT,1999,82956.07438,78515.34648
PT,2000,82113.11726,83739.95011
PT,2001,81790.30451,78979.76928
PT,2002,86152.37835,83329.47993
PT,2003,81015.58556,88819.69723
PT,2004,84194.42444,82258.53429
PT,2005,86039.02657,90465.40764
PT,2006,81170.83892,78979.0758
PT,2007,78869.54073,76314.02921
PT,2008,76390.74019,70293.20443
PT,2009,73313.93636,68620.41564
PT,2010,68919.42136,65784.5885
PT,2011,67508.05218,64376.43478
PT,2012,65468.02337,63102.10443
PT,2013,63534.66042,62409.54043
PT,2014,63410.06533,59541.9477
PT,2015,67591.92042,64988.13232
PT,2016,65743.32454,65432.34066
PT,2017,70887.85231,85939.362
PT,2018,67171.5657,63210.01909
PT,2019,63605.05482,60324.13122
PT,2020,57496.64967,53977.27424
PT,2021,56173.57839,53539.5599
PT,2022,56403.63046,55978.46468
PT,2023,53249.53234,51216.85986
RO,1990,256636.8603,230397.48012
RO,1991,210154.22648,183666.28337
RO,1992,194556.73825,166789.69289
RO,1993,183982.84244,155057.39118
RO,1994,181397.47346,152959.49482
RO,1995,188315.15624,160081.64092
RO,1996,191357.5684,163798.90379
RO,1997,184794.26005,156615.4523
RO,1998,167757.7461,137588.21537
RO,1999,149860.14483,119872.08027
RO,2000,141841.49512,111740.22338
RO,2001,145618.03875,114707.39221
RO,2002,147380.68497,117946.43733
RO,2003,153315.23856,123225.52577
RO,2004,151662.92493,121645.74058
RO,2005,150375.83255,119417.73809
RO,2006,151874.09424,121274.78689
RO,2007,154891.56006,123227.48222
RO,2008,151566.48381,119352.74283
RO,2009,130229.59618,101048.39386
RO,2010,124812.87062,89751.38341
RO,2011,132250.56385,96605.73345
RO,2012,129239.41648,91063.74012
RO,2013,117865.19202,79600.35418
RO,2014,118110.56467,68855.21318
RO,2015,116802.09598,68389.82164
RO,2016,114839.10021,64327.25908
RO,2017,117804.06116,69095.25316
RO,2018,118545.09043,71774.65228
RO,2019,115311.93494,68578.13851
RO,2020,111521.2163,62410.87816
RO,2021,115375.00103,67583.11202
RO,2022,109667.25537,63981.13887
RO,2023,103862.45237,57437.66614
SE,1990,71203.32193,11863.15295
SE,1991,71338.75474,12988.43519
SE,1992,71022.5336,13579.82949
SE,1993,71242.69814,17635.4364
SE,1994,73749.28157,18592.48199
SE,1995,73135.24228,17858.90712
SE,1996,77030.2464,19615.9809
SE,1997,72145.35498,13375.80028
SE,1998,72526.62761,13129.60536
SE,1999,69370.92087,9671.68687
SE,2000,68131.77686,7135.58209
SE,2001,68886.24471,6970.85677
SE,2002,69501.07337,7929.02625
SE,2003,69812.38348,9936.37294
SE,2004,69132.8358,12551.15123
SE,2005,66251.53994,8013.69203
SE,2006,65901.02001,3068.82689
SE,2007,64741.83725,1013.28675
SE,2008,62344.45423,677.48589
SE,2009,58122.66052,-2971.41751
SE,2010,64123.2489,2322.19793
SE,2011,59742.64499,-1186.71384
SE,2012,56829.4852,-2295.28431
SE,2013,55209.85164,-3807.60938
SE,2014,53481.92237,-4299.44142
SE,2015,53283.68564,-2032.95713
SE,2016,53198.25957,756.61671
SE,2017,52294.33699,5922.27268
SE,2018,51434.32797,11653.51273
SE,2019,50196.44693,10429.04938
SE,2020,45981.92519,6630.62007
SE,2021,47721.77658,11055.31963
SE,2022,44201.69358,10587.66618
SE,2023,44385.97268,13162.39544
SI,1990,18828.41643,14466.40842
SI,1991,17470.45042,12755.60831
SI,1992,17454.06501,12623.19435
SI,1993,17692.12178,12861.20954
SI,1994,18093.41388,13076.17158
SI,1995,18869.52072,13767.11698
SI,1996,19455.2944,13776.92438
SI,1997,19995.58645,14103.29347
SI,1998,19584.24164,13545.78518
SI,1999,18965.80374,12887.07458
SI,2000,18744.04359,12563.54204
SI,2001,20007.91337,13775.95768
SI,2002,20282.36688,12930.64357
SI,2003,19949.56695,12919.30661
SI,2004,20345.38097,13169.28444
SI,2005,20596.1361,13379.53952
SI,2006,20766.96249,13565.54068
SI,2007,20946.26399,13396.75212
SI,2008,21670.62074,14373.94117
SI,2009,19499.95802,12270.23152
SI,2010,19726.11256,12569.95106
SI,2011,19651.47606,12594.83044
SI,2012,19022.14977,12040.90255
SI,2013,18323.5499,13036.31731
SI,2014,16660.46682,17145.37609
SI,2015,16850.22422,17430.32666
SI,2016,17734.32297,18462.29938
SI,2017,17818.51032,18542.22265
SI,2018,17655.56271,18477.3335
SI,2019,17131.71079,12603.47762
SI,2020,15903.48657,11566.55273
SI,2021,16049.32689,11730.64173
SI,2022,15557.67455,11339.07909
SI,2023,14804.43104,10513.30609
SK,1990,73513.33562,64620.80774
SK,1991,64177.97333,54463.38141
SK,1992,58198.54942,47854.33229
SK,1993,54642.99315,44509.62604
SK,1994,52095.678,42522.16139
SK,1995,52617.25509,43590.21673
SK,1996,52465.61159,43529.36916
SK,1997,52244.34672,43519.58932
SK,1998,51505.00496,41713.35975
SK,1999,50282.1171,41330.76549
SK,2000,48360.50877,39439.59398
SK,2001,50631.62,42389.16041
SK,2002,49323.50569,40602.60026
SK,2003,49648.65919,41502.90142
SK,2004,50318.75281,42165.16984
SK,2005,50336.40607,46072.14166
SK,2006,50266.69779,42908.64003
SK,2007,48398.27648,41487.0133
SK,2008,48796.99524,42979.03738
SK,2009,44567.67915,38978.90936
SK,2010,45476.24751,40772.58561
SK,2011,44373.19846,39307.55089
SK,2012,42014.11012,35847.58742
SK,2013,41690.86481,34754.13098
SK,2014,39688.4959,34933.33014
SK,2015,40455.60455,35220.94006
SK,2016,41006.56287,35693.31635
SK,2017,42146.50825,36941.68261
SK,2018,42004.85305,37772.79547
SK,2019,39659.93138,34664.75242
SK,2020,36957.75668,29777.95286
SK,2021,40920.56734,33707.74784
SK,2022,36880.4354,29653.26266
SK,2023,36114.73765,28339.11357
